{"recordParts":[{"start":263,"duration":3930}],"volume":{"record":50,"accompany":0},"karaTotalSegments":0,"displayScore":false,"recordEnd":4137,"disableScoreTip":true,"musicItem":{"isFromLocalRecover":false,"photoCount":0,"vocalStartTime":207,"c_source":0,"id":"5xyxe32iars4nc9","avatarUrls":[{"cdn":"tx2.a.yximgs.com","url":"http:\/\/tx2.a.yximgs.com\/udata\/music\/bgm_O4LxaDeamR4_V0O-UCA6h3s_scaled.jpg"},{"cdn":"ali2.a.yximgs.com","url":"http:\/\/ali2.a.yximgs.com\/udata\/music\/bgm_O4LxaDeamR4_V0O-UCA6h3s_scaled.jpg"}],"lrcUrls":[{"cdn":"ali2.a.yximgs.com","url":"http:\/\/ali2.a.yximgs.com\/udata\/music\/bm_6VVFHS8Z_eQ_v.trcx"},{"cdn":"tx2.a.yximgs.com","url":"http:\/\/tx2.a.yximgs.com\/udata\/music\/bm_6VVFHS8Z_eQ_v.trcx"}],"musicianUid":1951804829,"adjust":0,"url":"https:\/\/v1-mc.yximgs.com\/udata\/music\/bm_J3w53iK1QdU_v.m4a?k=S1VBSVNIT1U6TlhoNWVHVXpNbWxoY25NMGJtTTVKRFE","duration":60.628999999999998,"playedDuration":0,"mmuLrcUrls":[{"cdn":"tx2.a.yximgs.com","url":"http:\/\/tx2.a.yximgs.com\/udata\/music\/ml_O4LxaDeamR4_6DrsN0ixQa0.srt"},{"cdn":"ali2.a.yximgs.com","url":"http:\/\/ali2.a.yximgs.com\/udata\/music\/ml_O4LxaDeamR4_6DrsN0ixQa0.srt"}],"audioUrls":[{"cdn":"v1-mc.yximgs.com","url":"https:\/\/v1-mc.yximgs.com\/udata\/music\/bm_J3w53iK1QdU_v.m4a?k=S1VBSVNIT1U6TlhoNWVHVXpNbWxoY25NMGJtTTVKRFE"},{"cdn":"ali2.a.yximgs.com","url":"http:\/\/ali2.a.yximgs.com\/udata\/music\/bm_J3w53iK1QdU_v.m4a"}],"supportRecoTagPage":true,"type":4,"end":59496,"fileType":"m4a","lrc":"http:\/\/js2.a.yximgs.com\/udata\/music\/bm_6VVFHS8Z_eQ_v.trcx","snippetUrls":[{"cdn":"v1-mc.yximgs.com","url":"https:\/\/v1-mc.yximgs.com\/udata\/music\/bm_6VVFHS8Z_eQ_vs.m4a?k=S1VBSVNIT1U6TlhoNWVHVXpNbWxoY25NMGJtTTVKRFE"},{"cdn":"ali2.a.yximgs.com","url":"http:\/\/ali2.a.yximgs.com\/udata\/music\/bm_6VVFHS8Z_eQ_vs.m4a"}],"image":"http:\/\/tx2.a.yximgs.com\/udata\/music\/bgm_O4LxaDeamR4_V0O-UCA6h3s_scaled.jpg","fileName":"4-5xyxe32iars4nc9","begin":207,"snippetDuration":59,"expectFreeTraffic":false,"name":"搁浅","ks_isContentRecoMusic":false,"snippetFileType":"m4a","ks_originalType":4,"imageUrls":[{"cdn":"ali2.a.yximgs.com","url":"http:\/\/ali2.a.yximgs.com\/udata\/music\/bgm_O4LxaDeamR4_V0O-UCA6h3s_scaled.jpg"},{"cdn":"tx2.a.yximgs.com","url":"http:\/\/tx2.a.yximgs.com\/udata\/music\/bgm_O4LxaDeamR4_V0O-UCA6h3s_scaled.jpg"}],"localFileType":"m4a","avatarUrl":"http:\/\/js2.a.yximgs.com\/udata\/music\/bgm_O4LxaDeamR4_V0O-UCA6h3s_scaled.jpg","isOriginal":false,"musicLoadSourceType":"kKSMusicLoadSourceTypeCache","lastModifyTimeStamp":1622022756.6918931,"musicSource":0,"soundTrackPromoteStrategy":0,"nameChanged":false,"downloadStatus":0,"loudness":-12.2836485,"disableEnhancedEntry":false,"musicRecordType":0,"chorus":207,"singingCount":12800,"disableClipping":false,"importFromVideo":false,"artist":"周杰伦","accompanimentUrls":[{"cdn":"js2.a.yximgs.com","url":"http:\/\/js2.a.yximgs.com\/udata\/music\/bm_AqcvteJv5lY_va.m4a"},{"cdn":"ali2.a.yximgs.com","url":"http:\/\/ali2.a.yximgs.com\/udata\/music\/bm_AqcvteJv5lY_va.m4a"}],"copyrightTimeLimit":60,"enableFade":false,"expTag":"m90"},"karaTotalScore":0,"karaValidSegments":0,"recordRange":"freeCut","disableScoreEntrance":true,"deviceParts":[{"start":263,"duration":3930,"type":"none"}],"recordStart":207,"end":4137,"isPhotoMovie":false,"recordMode":"cover","separate":1,"duet":0,"duetSungParts":[],"start":207,"originalParts":[{"start":0,"duration":4.0105202331542964,"mode":"accompany"}]}